Timestamp,User Count,Type,Name,Requests/s,Failures/s,50%,66%,75%,80%,90%,95%,98%,99%,99.9%,99.99%,100%,Total Request Count,Total Failure Count,Total Median Response Time,Total Average Response Time,Total Min Response Time,Total Max Response Time,Total Average Content Size
1714845145,0,,Aggregated,0.000000,0.000000,N/A,N/A,N/A,N/A,N/A,N/A,N/A,N/A,N/A,N/A,N/A,0,0,0,0.0,0,0,0
1714845146,1,,Aggregated,0.000000,0.000000,270,270,300,300,300,300,300,300,300,300,300,4,0,240.0,245.18712500048423,179.28590000155964,299.82010000094306,11746.0
1714845147,3,,Aggregated,0.000000,0.000000,240,240,240,270,300,300,300,300,300,300,300,10,0,230.0,201.0304700001143,62.82830000054673,299.82010000094306,11567.8
1714845148,4,,Aggregated,2.000000,0.000000,240,240,270,280,300,1900,1900,1900,1900,1900,1900,15,0,240.0,327.0493133335549,62.82830000054673,1912.8904999997758,26661.266666666666
1714845149,5,,Aggregated,3.500000,0.000000,240,240,240,270,280,300,1900,1900,1900,1900,1900,22,0,240.0,272.40406818203735,56.353299998590956,1912.8904999997758,22220.81818181818
1714845150,6,,Aggregated,4.000000,0.000000,240,240,270,270,510,1900,2200,2200,2200,2200,2200,31,0,240.0,346.5664516126356,40.82449999987148,2245.528199997352,27497.516129032258
1714845151,7,,Aggregated,4.750000,0.000000,240,260,270,280,990,1900,2200,2200,2200,2200,2200,37,0,240.0,359.2908405402881,40.82449999987148,2245.528199997352,25611.64864864865
1714845152,8,,Aggregated,5.600000,0.000000,240,270,280,300,1100,2200,3000,3000,3000,3000,3000,49,0,240.0,423.1914673466087,37.24620000139112,3041.4730999982567,32235.775510204083
1714845153,9,,Aggregated,5.500000,0.000000,240,270,280,460,1100,2300,2900,3000,3000,3000,3000,61,0,240.0,474.2318311471565,37.24620000139112,3041.4730999982567,32224.016393442624
1714845154,10,,Aggregated,6.428571,0.000000,240,270,290,470,1900,2500,3000,3000,3000,3000,3000,74,0,240.0,501.7451932429607,37.24620000139112,3041.4730999982567,32313.702702702703
1714845155,10,,Aggregated,6.875000,0.000000,240,270,300,470,1900,2500,3000,3000,3000,3000,3000,91,0,240.0,513.4308417579962,37.24620000139112,3041.4730999982567,31587.20879120879
1714845156,10,,Aggregated,7.666667,0.000000,240,270,320,470,2100,2900,3000,3000,3000,3000,3000,99,0,240.0,543.5887686866721,37.24620000139112,3041.4730999982567,32352.272727272728
1714845157,10,,Aggregated,8.000000,0.000000,240,270,320,470,2200,2900,3000,3000,3100,3100,3100,113,0,240.0,574.7673265484717,37.24620000139112,3057.9159000008076,34387.25663716814
1714845158,10,,Aggregated,9.100000,0.000000,250,270,440,470,2200,2900,3000,3000,3100,3100,3100,122,0,250.0,574.3110631145578,37.24620000139112,3057.9159000008076,32865.95081967213
1714845159,10,,Aggregated,9.800000,0.000000,250,270,460,470,2700,3000,3100,3100,3200,3200,3200,136,0,240.0,617.106020588006,37.24620000139112,3228.303699997923,35742.83823529412
1714845160,10,,Aggregated,10.500000,0.000000,250,280,470,990,2700,2900,3100,3100,3200,3200,3200,152,0,250.0,660.2451572366111,37.24620000139112,3228.303699997923,36855.39473684211
1714845161,10,,Aggregated,11.000000,0.000000,250,280,470,990,2700,2900,3100,3100,3200,3200,3200,165,0,250.0,648.5726284846103,37.24620000139112,3228.303699997923,35263.87272727273
1714845162,10,,Aggregated,11.400000,0.000000,250,280,470,990,2700,2900,3100,3100,3200,3200,3200,174,0,250.0,651.1617258618927,37.24620000139112,3228.303699997923,36730.65517241379
1714845163,10,,Aggregated,12.400000,0.000000,260,290,490,1100,2800,3000,3100,3100,3200,3200,3200,182,0,250.0,701.0894021976447,37.24620000139112,3228.303699997923,37171.01648351648
1714845164,10,,Aggregated,12.500000,0.000000,250,290,490,1100,2800,3000,3100,3100,3200,3200,3200,200,0,250.0,685.7483264999246,37.24620000139112,3228.303699997923,36342.96
1714845165,10,,Aggregated,12.000000,0.000000,250,280,480,1000,2700,2900,3000,3100,3200,3200,3200,220,0,250.0,668.7896927271967,37.24620000139112,3228.303699997923,35275.84090909091
1714845166,10,,Aggregated,12.200000,0.000000,250,290,490,1100,2700,2900,3100,3100,3200,3200,3200,223,0,250.0,683.8713125559842,37.24620000139112,3228.303699997923,36015.843049327355
1714845167,10,,Aggregated,13.100000,0.000000,250,280,480,1000,2700,2900,3100,3100,3200,3200,3200,238,0,250.0,676.1765231091557,37.24620000139112,3228.303699997923,35584.378151260506
1714845168,10,,Aggregated,12.700000,0.000000,250,280,480,1100,2900,3000,3000,3100,3200,3200,3200,259,0,250.0,700.6244247103316,37.24620000139112,3228.303699997923,36632.606177606176
1714845169,10,,Aggregated,12.400000,0.000000,250,280,480,1000,2900,2900,3000,3100,3200,3200,3200,270,0,250.0,682.8336199998847,37.24620000139112,3228.303699997923,35723.11111111111
1714845170,10,,Aggregated,12.600000,0.000000,250,280,490,1100,2900,2900,3000,3100,3200,3200,3200,277,0,250.0,699.9065999998985,37.24620000139112,3228.303699997923,36038.379061371845
1714845171,10,,Aggregated,13.500000,0.000000,250,280,480,1000,2900,2900,3000,3100,3200,3200,3200,290,0,250.0,688.0193827585352,37.24620000139112,3228.303699997923,35858.83448275862
1714845172,10,,Aggregated,12.800000,0.000000,250,280,480,1100,2900,3000,3100,3100,3400,3400,3400,301,0,250.0,709.3792538205321,37.24620000139112,3384.8112000014225,36419.843853820596
1714845173,10,,Aggregated,12.500000,0.000000,250,290,490,1100,2900,3000,3100,3300,3900,3900,3900,314,0,250.0,716.8938251591609,37.24620000139112,3908.0332000012277,36392.331210191085
1714845174,10,,Aggregated,12.100000,0.000000,260,290,490,1100,2900,3000,3100,3300,3900,3900,3900,321,0,260.0,718.6496283488212,37.24620000139112,3908.0332000012277,35959.940809968844
1714845175,10,,Aggregated,12.900000,0.000000,260,290,490,1100,2900,3000,3300,3600,4000,4000,4000,337,0,260.0,727.1831216616306,37.24620000139112,3965.0104000029387,36301.82492581602
1714845176,10,,Aggregated,12.700000,0.000000,260,290,490,1100,2900,3000,3300,3600,4000,4000,4000,345,0,260.0,739.5660263767122,37.24620000139112,3965.0104000029387,37785.15362318841
1714845177,10,,Aggregated,11.400000,0.000000,260,290,500,1100,2900,3000,3300,3600,4000,4000,4000,355,0,260.0,750.7414839435743,37.24620000139112,3965.0104000029387,37078.27323943662
1714845178,10,,Aggregated,11.800000,0.000000,260,290,500,1100,2900,3000,3300,3600,4000,4000,4000,374,0,260.0,745.3708668448611,37.24620000139112,3965.0104000029387,36708.318181818184
1714845179,10,,Aggregated,11.700000,0.000000,260,290,500,1100,2900,3000,3300,3600,4000,4000,4000,387,0,260.0,742.8620863048484,37.24620000139112,3965.0104000029387,36484.49612403101
1714845180,10,,Aggregated,11.800000,0.000000,260,290,500,1100,2900,3000,3300,3600,4000,4000,4000,392,0,260.0,742.5560502550316,37.24620000139112,3965.0104000029387,36189.308673469386
1714845181,10,,Aggregated,11.300000,0.000000,260,290,500,1100,2900,3000,3300,3600,4000,4000,4000,400,0,260.0,745.9470974999477,37.24620000139112,3965.0104000029387,35688.6625
1714845182,10,,Aggregated,11.800000,0.000000,260,290,500,1100,2900,3000,3400,3700,4000,4000,4000,419,0,260.0,759.9821589498392,37.24620000139112,3965.0104000029387,36358.20525059666
1714845183,10,,Aggregated,11.100000,0.000000,260,300,490,1100,2900,3000,3400,3700,4000,4000,4000,432,0,260.0,749.113062731424,37.24620000139112,3965.0104000029387,35743.53472222222
1714845184,10,,Aggregated,11.200000,0.000000,260,300,490,1100,2900,3000,3600,3900,4000,4000,4000,441,0,260.0,761.951621088368,37.24620000139112,4044.0638000000035,36974.30158730159
1714845185,10,,Aggregated,11.800000,0.000000,260,310,490,1100,2900,3000,3600,3900,4000,4000,4000,445,0,260.0,764.4122364044289,37.24620000139112,4044.0638000000035,36790.33033707865
1714845186,10,,Aggregated,11.600000,0.000000,260,310,500,1200,2900,3100,3600,3900,4000,4000,4000,458,0,260.0,781.2927072051845,37.24620000139112,4044.0638000000035,37617.323144104805
1714845187,10,,Aggregated,11.800000,0.000000,260,320,500,1200,2900,3100,3600,3900,4000,4000,4000,478,0,260.0,781.1321317990884,37.24620000139112,4044.0638000000035,37265.12133891213
1714845188,10,,Aggregated,10.700000,0.000000,260,320,500,1100,2900,3100,3600,3900,4000,4000,4000,492,0,260.0,773.3266182926158,37.24620000139112,4044.0638000000035,36494.2743902439
1714845189,10,,Aggregated,11.600000,0.000000,260,320,500,1100,2900,3100,3600,3900,4000,4000,4000,498,0,260.0,769.555499397519,37.24620000139112,4044.0638000000035,36678.31124497992
1714845190,10,,Aggregated,12.000000,0.000000,260,320,510,1200,2900,3100,3500,3900,4000,4000,4000,508,0,260.0,784.8694464566198,37.24620000139112,4044.0638000000035,37229.87795275591
1714845191,10,,Aggregated,11.800000,0.000000,260,320,510,1200,2900,3000,3500,3900,4000,4000,4000,528,0,260.0,781.0231365529731,37.24620000139112,4044.0638000000035,37204.871212121216
1714845192,10,,Aggregated,11.100000,0.000000,260,330,500,1100,2900,3000,3500,3900,4000,4000,4000,542,0,260.0,772.2910896678331,37.24620000139112,4044.0638000000035,37046.280442804426
1714845193,10,,Aggregated,11.800000,0.000000,260,340,510,1200,2900,3000,3500,3900,4000,4000,4000,548,0,260.0,778.4034129561438,37.24620000139112,4044.0638000000035,36794.131386861314
1714845194,10,,Aggregated,13.200000,0.000000,260,330,510,1200,2900,3000,3500,3900,4000,4000,4000,559,0,260.0,781.4638436493094,37.24620000139112,4044.0638000000035,37550.66547406082
1714845195,10,,Aggregated,12.000000,0.000000,260,330,500,1200,2900,3000,3500,3900,4000,4000,4000,581,0,260.0,780.1755044749874,37.24620000139112,4044.0638000000035,37036.75903614458
1714845196,10,,Aggregated,11.400000,0.000000,260,330,500,1200,2900,3000,3500,3900,4000,4000,4000,593,0,260.0,777.7673806070329,37.24620000139112,4044.0638000000035,37060.539629005056
1714845197,10,,Aggregated,11.900000,0.000000,260,330,510,1100,2900,3000,3400,3800,4000,4000,4000,602,0,260.0,774.2256928571046,37.24620000139112,4044.0638000000035,37175.583056478405
1714845198,10,,Aggregated,13.800000,0.000000,260,340,510,1200,2900,3000,3400,3800,4000,4000,4000,614,0,260.0,784.8745381107191,37.24620000139112,4044.0638000000035,37390.671009771984
1714845199,10,,Aggregated,13.200000,0.000000,260,360,510,1200,2900,3000,3400,3800,4000,4000,4000,632,0,260.0,780.417995886068,37.24620000139112,4044.0638000000035,37214.00632911392
1714845200,10,,Aggregated,12.100000,0.000000,260,370,510,1100,2900,3000,3400,3800,4000,4000,4000,644,0,260.0,774.6133560558922,37.24620000139112,4044.0638000000035,37105.948757763974
1714845201,10,,Aggregated,11.900000,0.000000,260,360,510,1100,2900,3000,3400,3800,4000,4000,4000,652,0,260.0,776.2173006134891,37.24620000139112,4044.0638000000035,36729.67944785276
1714845203,10,,Aggregated,13.300000,0.000000,260,350,510,1100,2900,3000,3400,3800,4000,4000,4000,658,0,260.0,774.3373407294753,37.24620000139112,4044.0638000000035,36924.16869300912
1714845204,10,,Aggregated,13.300000,0.000000,260,370,520,1300,2900,3000,3400,3800,4000,4000,4000,675,0,260.0,790.2000868147951,37.24620000139112,4044.0638000000035,37321.57481481481
1714845205,10,,Aggregated,11.700000,0.000000,260,380,520,1200,2900,3000,3400,3800,4000,4000,4000,699,0,260.0,783.1836271816723,37.24620000139112,4044.0638000000035,37277.11587982833
1714845206,10,,Aggregated,11.600000,0.000000,260,380,520,1200,2900,3000,3400,3700,4000,4000,4000,703,0,260.0,780.7838221905938,37.24620000139112,4044.0638000000035,37202.15931721195
1714845207,10,,Aggregated,12.700000,0.000000,260,380,520,1200,2900,3000,3400,3700,4000,4000,4000,704,0,260.0,781.4577438920255,37.24620000139112,4044.0638000000035,37155.67471590909
1714845208,10,,Aggregated,12.000000,0.000000,260,450,560,1300,2900,3000,3400,3700,4000,4000,4000,713,0,260.0,795.0464475455659,37.24620000139112,4044.0638000000035,37478.03366058906
1714845209,10,,Aggregated,11.000000,0.000000,260,440,560,1200,2900,3000,3500,3800,4100,4100,4100,735,0,260.0,792.2956865306066,37.24620000139112,4142.159499999252,37081.22721088435
1714845210,10,,Aggregated,11.000000,0.000000,260,380,550,1200,2900,3000,3500,3900,4400,4400,4400,752,0,260.0,789.2032571808551,37.24620000139112,4365.994699997827,36907.48138297872
1714845211,10,,Aggregated,10.800000,0.000000,260,380,530,1200,2900,3000,3500,3900,4400,4400,4400,756,0,260.0,786.6101599206348,37.24620000139112,4365.994699997827,36782.46164021164
1714845212,10,,Aggregated,12.000000,0.000000,260,440,550,1200,2900,3000,3500,3900,4400,4400,4400,765,0,260.0,793.037804705871,37.24620000139112,4365.994699997827,37440.0
1714845213,10,,Aggregated,11.200000,0.000000,260,440,560,1300,2900,3000,3500,3900,4400,4400,4400,784,0,260.0,798.0034395408195,37.24620000139112,4365.994699997827,37801.16198979592
1714845214,10,,Aggregated,11.100000,0.000000,260,450,560,1200,2900,3000,3400,3800,4400,4400,4400,801,0,260.0,791.5302714107379,37.24620000139112,4365.994699997827,37299.16729088639
1714845215,10,,Aggregated,11.100000,0.000000,260,450,560,1200,2900,3000,3400,3800,4400,4400,4400,805,0,260.0,792.0827319254628,37.24620000139112,4365.994699997827,37192.39875776398
1714845216,10,,Aggregated,12.300000,0.000000,260,440,560,1200,2900,3000,3400,3800,4400,4400,4400,815,0,260.0,792.9023786502986,37.24620000139112,4365.994699997827,37455.30061349693
1714845217,10,,Aggregated,10.600000,0.000000,260,450,560,1300,2900,3000,3400,3800,4400,4400,4400,839,0,260.0,796.6334424314493,37.24620000139112,4365.994699997827,37375.19189511323
1714845218,10,,Aggregated,10.600000,0.000000,260,440,540,1200,2900,3000,3400,3800,4400,4400,4400,858,0,260.0,785.7809419580176,37.24620000139112,4365.994699997827,37102.54428904429
1714845219,10,,Aggregated,11.200000,0.000000,260,440,540,1200,2900,3000,3400,3800,4400,4400,4400,860,0,260.0,784.8136794185813,37.24620000139112,4365.994699997827,37072.313953488374
1714845220,10,,Aggregated,14.800000,0.000000,260,440,550,1200,2900,3000,3400,3800,4400,4400,4400,866,0,260.0,789.5689021939784,37.24620000139112,4365.994699997827,37154.255196304846
1714845221,10,,Aggregated,12.600000,0.000000,260,440,560,1300,2900,3000,3400,3800,4400,4400,4400,888,0,260.0,795.5071015765766,37.24620000139112,4365.994699997827,37571.64076576577
1714845222,10,,Aggregated,11.300000,0.000000,260,450,560,1200,2900,3000,3400,3700,4400,4400,4400,902,0,260.0,791.6596016629759,37.24620000139112,4365.994699997827,37269.54767184035
1714845223,10,,Aggregated,11.300000,0.000000,260,450,560,1200,2900,3000,3400,3700,4400,4400,4400,910,0,260.0,788.775915054958,37.24620000139112,4365.994699997827,37106.21978021978
1714845224,10,,Aggregated,13.800000,0.000000,260,450,560,1200,2900,3000,3400,3700,4400,4400,4400,916,0,260.0,790.6359266375686,37.24620000139112,4365.994699997827,37216.637554585155
1714845225,10,,Aggregated,12.900000,0.000000,260,450,560,1200,2900,3000,3400,3700,4400,4400,4400,925,0,260.0,790.7888861621714,37.24620000139112,4365.994699997827,36955.861621621625
1714845226,10,,Aggregated,11.400000,0.000000,260,440,560,1200,2900,3000,3400,3800,4400,4400,4400,940,0,260.0,791.7492729787255,37.24620000139112,4432.169799998519,36796.29787234042
1714845227,10,,Aggregated,11.400000,0.000000,260,440,560,1200,2900,3000,3400,3900,4900,4900,4900,953,0,260.0,796.8052286463779,37.24620000139112,4863.227999998344,37042.608604407134
1714845228,10,,Aggregated,12.300000,0.000000,260,440,560,1200,2900,3000,3500,3900,5200,5200,5200,963,0,260.0,797.6249282450648,37.24620000139112,5194.242400000803,37040.11526479751
1714845229,10,,Aggregated,11.700000,0.000000,260,450,560,1200,2900,3000,3500,3900,5200,5200,5200,965,0,260.0,797.5442383419696,37.24620000139112,5194.242400000803,37013.30362694301
1714845230,10,,Aggregated,10.300000,0.000000,260,450,560,1300,2900,3000,3500,4000,5200,5200,5200,974,0,260.0,806.7558020533857,37.24620000139112,5194.242400000803,37265.603696098566
1714845231,10,,Aggregated,10.400000,0.000000,260,450,560,1300,2900,3000,3700,4200,5200,5200,5200,993,0,260.0,810.6609658610096,36.94869999890216,5194.242400000803,37524.87713997986
1714845232,10,,Aggregated,10.500000,0.000000,260,450,640,1200,2900,3000,3600,4100,4900,5200,5200,1008,0,260.0,810.1229252976079,36.94869999890216,5194.242400000803,37479.15972222222
1714845233,10,,Aggregated,10.300000,0.000000,260,450,560,1200,2900,3000,3600,4100,4900,5200,5200,1017,0,260.0,807.5508706981237,36.94869999890216,5194.242400000803,37230.93018682399
1714845234,10,,Aggregated,10.300000,0.000000,260,450,560,1200,2900,3000,3600,4100,4900,5200,5200,1025,0,260.0,806.8718439024326,36.94869999890216,5194.242400000803,37532.90536585366
1714845235,10,,Aggregated,10.300000,0.000000,260,450,640,1300,2900,3000,3600,4100,4900,5200,5200,1039,0,260.0,809.9040511068285,36.94869999890216,5194.242400000803,37428.59384023099
1714845236,10,,Aggregated,11.100000,0.000000,260,450,560,1200,2900,3000,3600,4100,4900,5200,5200,1061,0,260.0,805.3330438265763,36.94869999890216,5194.242400000803,37122.30725730443
1714845237,10,,Aggregated,11.100000,0.000000,260,450,560,1200,2900,3000,3600,4100,4900,5200,5200,1067,0,260.0,805.0904089034674,36.94869999890216,5194.242400000803,37023.99343955014
1714845238,10,,Aggregated,11.900000,0.000000,260,450,560,1200,2900,3000,3600,4100,4900,5200,5200,1079,0,260.0,806.4592089898085,36.94869999890216,5194.242400000803,36978.28174235403
1714845239,10,,Aggregated,11.300000,0.000000,260,450,560,1200,2900,3000,3600,4100,4900,5200,5200,1088,0,260.0,801.310320404412,36.94869999890216,5194.242400000803,36774.37408088235
1714845240,10,,Aggregated,11.400000,0.000000,260,450,560,1200,2900,3000,3600,4100,4900,5200,5200,1092,0,260.0,801.4144251831509,36.94869999890216,5194.242400000803,36663.25915750916
1714845241,10,,Aggregated,12.300000,0.000000,260,450,560,1200,2900,3000,3600,4100,4900,5200,5200,1096,0,260.0,801.5917954379555,36.94869999890216,5194.242400000803,36587.38594890511
1714845242,10,,Aggregated,12.000000,0.000000,260,440,560,1200,2900,3000,3700,4400,5900,6100,6100,1106,0,260.0,811.2563113019904,36.94869999890216,6066.42759999886,37003.06962025316
1714845243,10,,Aggregated,10.900000,0.000000,260,450,640,1300,2900,3000,3900,4500,6100,6800,6800,1114,0,260.0,823.6542087971226,36.94869999890216,6835.604099996999,37509.30071813286
1714845244,10,,Aggregated,10.900000,0.000000,260,450,650,1300,2900,3000,3900,4600,6100,6800,6800,1128,0,260.0,827.1869957446706,36.94869999890216,6835.604099996999,37679.208333333336
1714845245,10,,Aggregated,9.800000,0.000000,260,450,650,1300,2900,3000,3900,4600,6100,6800,6800,1138,0,260.0,829.4200739894357,36.94869999890216,6835.604099996999,37962.23637961336
1714845246,10,,Aggregated,10.300000,0.000000,260,450,650,1300,2900,3000,3900,4600,6100,6800,6800,1141,0,260.0,830.5847734443255,36.94869999890216,6835.604099996999,37881.967572304995
1714845247,10,,Aggregated,9.900000,0.000000,260,450,660,1300,2900,3100,3900,4600,6100,6800,6800,1158,0,260.0,834.0285471502301,36.94869999890216,6835.604099996999,37461.54663212435
1714845248,10,,Aggregated,8.300000,0.000000,260,450,640,1300,2900,3000,3900,4600,6100,6800,6800,1181,0,260.0,827.9524106688959,36.94869999890216,6835.604099996999,36991.17442845047
1714845249,10,,Aggregated,8.300000,0.000000,260,450,560,1200,2900,3000,3900,4600,6100,6800,6800,1198,0,260.0,821.026914524186,36.94869999890216,6835.604099996999,36624.71118530885
1714845250,10,,Aggregated,8.300000,0.000000,260,450,560,1200,2900,3000,3900,4600,6100,6800,6800,1200,0,260.0,819.9799028333115,36.94869999890216,6835.604099996999,36601.52416666667
1714845251,10,,Aggregated,10.400000,0.000000,260,450,560,1200,2900,3000,3900,4600,6100,6800,6800,1204,0,260.0,820.6345434385211,36.94869999890216,6835.604099996999,36733.835548172756
1714845252,10,,Aggregated,11.000000,0.000000,260,450,570,1300,2900,3100,4000,4600,6100,6800,6800,1214,0,260.0,828.5719851729731,36.94869999890216,6835.604099996999,37338.74629324547
1714845253,10,,Aggregated,11.000000,0.000000,260,450,570,1300,2900,3100,4000,4600,6100,6800,6800,1220,0,260.0,829.4263946721262,36.94869999890216,6835.604099996999,37425.95819672131
1714845254,10,,Aggregated,10.600000,0.000000,260,450,650,1300,2900,3100,4200,4600,6100,6800,6800,1234,0,260.0,839.9494189627148,36.94869999890216,6835.604099996999,37928.81847649919
1714845255,10,,Aggregated,10.900000,0.000000,260,450,660,1300,2900,3100,4200,4600,6100,6800,6800,1249,0,260.0,839.6936129703732,36.94869999890216,6835.604099996999,37695.37309847878
1714845256,10,,Aggregated,10.100000,0.000000,260,450,650,1200,2900,3100,4100,4600,6100,6800,6800,1262,0,260.0,835.0782062599056,36.94869999890216,6835.604099996999,37415.39936608558
1714845257,10,,Aggregated,10.700000,0.000000,260,450,650,1300,2900,3100,4100,4600,6100,6800,6800,1272,0,260.0,835.4591626572313,36.94869999890216,6835.604099996999,37393.86163522013
1714845258,10,,Aggregated,11.500000,0.000000,260,450,650,1300,2900,3100,4100,4600,6100,6800,6800,1289,0,260.0,835.0836978277657,36.94869999890216,6835.604099996999,37043.6330488751
1714845259,10,,Aggregated,11.700000,0.000000,260,450,640,1300,2900,3100,4000,4600,6100,6800,6800,1310,0,260.0,830.8443083969325,36.94869999890216,6835.604099996999,37228.2320610687
1714845260,10,,Aggregated,10.400000,0.000000,260,450,660,1200,2900,3100,4000,4600,6100,6800,6800,1316,0,260.0,832.352814969587,36.94869999890216,6835.604099996999,37345.2773556231
1714845261,10,,Aggregated,10.400000,0.000000,260,450,660,1300,2900,3100,4000,4600,6100,6800,6800,1320,0,260.0,832.2994270454375,36.94869999890216,6835.604099996999,37445.91590909091
1714845262,10,,Aggregated,11.200000,0.000000,260,450,700,1300,2900,3100,4000,4600,6100,6800,6800,1336,0,260.0,836.9340428143594,36.94869999890216,6835.604099996999,37890.200598802396
1714845263,10,,Aggregated,11.700000,0.000000,260,460,700,1300,2900,3100,4000,4600,6100,6800,6800,1350,0,260.0,838.0039299999862,36.94869999890216,6835.604099996999,37677.07777777778
1714845264,10,,Aggregated,11.600000,0.000000,260,450,660,1200,2900,3100,4000,4600,6100,6800,6800,1364,0,260.0,831.5264223606896,36.94869999890216,6835.604099996999,37413.9288856305
1714845265,10,,Aggregated,12.000000,0.000000,260,450,660,1300,2900,3100,4000,4600,6100,6800,6800,1374,0,260.0,831.8335812954773,36.94869999890216,6835.604099996999,37396.024745269286
1714845266,10,,Aggregated,13.000000,0.000000,260,450,660,1300,2900,3100,4000,4600,6100,6800,6800,1390,0,260.0,830.3609929496312,36.94869999890216,6835.604099996999,37087.43309352518
1714845267,10,,Aggregated,12.500000,0.000000,260,450,660,1300,2900,3100,4000,4600,6100,6800,6800,1408,0,260.0,828.9950723721446,36.94869999890216,6835.604099996999,37281.60440340909
1714845268,10,,Aggregated,12.600000,0.000000,260,460,660,1200,2900,3100,4000,4600,6100,6800,6800,1417,0,260.0,829.2405948482576,36.94869999890216,6835.604099996999,37188.349329569515
1714845269,10,,Aggregated,13.500000,0.000000,260,450,660,1200,2900,3100,4000,4600,6100,6800,6800,1429,0,260.0,827.9165108467336,36.94869999890216,6835.604099996999,37341.26731980406
1714845270,10,,Aggregated,13.200000,0.000000,260,460,700,1300,2900,3100,4000,4600,6100,6800,6800,1438,0,260.0,831.7345573017963,36.94869999890216,6835.604099996999,37843.283031988874
1714845271,10,,Aggregated,11.800000,0.000000,260,460,700,1300,2900,3100,4000,4600,6100,6800,6800,1454,0,260.0,832.2930064649136,36.94869999890216,6835.604099996999,37757.70082530949
1714845272,10,,Aggregated,11.900000,0.000000,260,460,700,1300,2900,3000,4000,4600,6100,6800,6800,1471,0,260.0,829.8038165873413,36.94869999890216,6835.604099996999,37483.79673691367
1714845273,10,,Aggregated,12.100000,0.000000,260,460,700,1300,2900,3000,4000,4600,6100,6800,6800,1479,0,260.0,828.4519041243947,36.94869999890216,6835.604099996999,37335.39621365788
1714845274,10,,Aggregated,13.500000,0.000000,260,450,660,1200,2900,3000,4000,4600,6100,6800,6800,1489,0,260.0,825.8497883814516,36.94869999890216,6835.604099996999,37168.13297515111
1714845275,10,,Aggregated,13.300000,0.000000,260,450,700,1300,2900,3100,3900,4600,6100,6800,6800,1507,0,260.0,829.6334883875146,36.94869999890216,6835.604099996999,37339.002654280026
1714845276,10,,Aggregated,12.200000,0.000000,260,450,650,1200,2900,3000,3900,4600,6100,6800,6800,1525,0,260.0,824.5284167213058,36.94869999890216,6835.604099996999,37261.57508196721
1714845277,10,,Aggregated,12.700000,0.000000,260,450,660,1200,2900,3000,3900,4600,6100,6800,6800,1531,0,260.0,825.7074522534269,36.94869999890216,6835.604099996999,37483.41802743305
1714845278,10,,Aggregated,13.300000,0.000000,260,450,660,1200,2900,3000,3900,4600,6100,6800,6800,1537,0,260.0,825.9628769681196,36.94869999890216,6835.604099996999,37567.35783994795
1714845279,10,,Aggregated,12.500000,0.000000,260,460,700,1300,2900,3100,3900,4600,6100,6800,6800,1549,0,260.0,830.7273162685668,36.903000000165775,6835.604099996999,37803.17495158166
1714845280,10,,Aggregated,12.000000,0.000000,260,460,700,1300,2900,3100,3900,4600,6100,6800,6800,1568,0,260.0,829.0311062500052,36.903000000165775,6835.604099996999,37531.14349489796
1714845281,10,,Aggregated,11.800000,0.000000,260,460,660,1300,2900,3100,3900,4600,6100,6800,6800,1578,0,260.0,828.8235318124205,36.903000000165775,6835.604099996999,37378.49556400507
1714845282,10,,Aggregated,12.000000,0.000000,260,450,660,1200,2900,3100,3900,4600,6100,6800,6800,1591,0,260.0,826.6428875549964,36.903000000165775,6835.604099996999,37316.02262727844
1714845283,10,,Aggregated,12.900000,0.000000,260,450,660,1200,2900,3100,3900,4600,6100,6800,6800,1597,0,260.0,826.1874549780845,36.903000000165775,6835.604099996999,37394.90419536631
1714845284,10,,Aggregated,11.900000,0.000000,260,460,700,1300,2900,3100,3900,4500,6100,6800,6800,1610,0,260.0,832.4450114285692,36.903000000165775,6835.604099996999,37469.282608695656
1714845285,10,,Aggregated,11.900000,0.000000,260,450,660,1200,2900,3100,3900,4500,6100,6800,6800,1627,0,260.0,827.73714732637,36.903000000165775,6835.604099996999,37400.33435771358
1714845286,10,,Aggregated,11.600000,0.000000,260,450,660,1200,2900,3100,3900,4500,6100,6800,6800,1637,0,260.0,828.468799816738,36.903000000165775,6835.604099996999,37574.81307269395
1714845287,10,,Aggregated,11.600000,0.000000,260,460,660,1200,2900,3100,3900,4500,6100,6800,6800,1638,0,260.0,828.2437535409017,36.903000000165775,6835.604099996999,37554.606837606836
1714845288,10,,Aggregated,11.600000,0.000000,260,460,700,1300,2900,3100,3900,4500,6100,6800,6800,1655,0,260.0,832.8264400000019,36.903000000165775,6835.604099996999,37727.660422960726
1714845289,10,,Aggregated,11.200000,0.000000,260,460,660,1300,2900,3100,3900,4500,6100,6800,6800,1670,0,260.0,831.3930719760498,36.903000000165775,6835.604099996999,37528.03592814371
1714845290,10,,Aggregated,10.700000,0.000000,260,450,650,1200,2900,3100,3900,4500,6100,6800,6800,1684,0,260.0,828.0202718527352,36.903000000165775,6835.604099996999,37300.03444180523
1714845291,10,,Aggregated,11.900000,0.000000,260,450,650,1200,2900,3100,3900,4500,6100,6800,6800,1697,0,260.0,828.0550238067223,36.903000000165775,6835.604099996999,37412.25810253388
1714845292,10,,Aggregated,12.100000,0.000000,260,450,650,1300,2900,3100,3900,4500,6100,6800,6800,1712,0,260.0,829.630204088788,36.903000000165775,6835.604099996999,37329.96261682243
1714845293,10,,Aggregated,11.500000,0.000000,260,450,640,1200,2900,3100,3900,4500,6100,6800,6800,1722,0,260.0,825.9523757839771,36.903000000165775,6835.604099996999,37201.248548199765
1714845294,10,,Aggregated,11.800000,0.000000,260,450,650,1300,2900,3200,3900,4500,6100,6800,6800,1728,0,260.0,829.2670030671324,36.903000000165775,6835.604099996999,37519.12962962963
1714845295,10,,Aggregated,12.200000,0.000000,260,450,660,1300,2900,3200,3900,4500,6100,6800,6800,1735,0,260.0,830.2012552737804,36.903000000165775,6835.604099996999,37619.57060518732
1714845296,10,,Aggregated,12.500000,0.000000,260,450,660,1300,2900,3200,3900,4500,6100,6800,6800,1754,0,260.0,835.169653876854,36.903000000165775,6835.604099996999,37746.01881413911
1714845297,10,,Aggregated,11.300000,0.000000,260,450,650,1200,2900,3200,3900,4500,6100,6800,6800,1767,0,260.0,831.211632427845,36.903000000165775,6835.604099996999,37583.24335031126
1714845298,10,,Aggregated,10.600000,0.000000,260,450,650,1200,2900,3200,3900,4500,6100,6800,6800,1768,0,260.0,831.0066531108625,36.903000000165775,6835.604099996999,37564.51809954751
1714845299,10,,Aggregated,11.700000,0.000000,260,450,650,1300,2900,3200,3900,4500,6100,6800,6800,1782,0,260.0,833.0978214927103,36.903000000165775,6835.604099996999,37323.61503928171
1714845300,10,,Aggregated,12.900000,0.000000,260,450,650,1300,2900,3200,3900,4500,6100,6800,6800,1802,0,260.0,834.1066138734851,36.903000000165775,6835.604099996999,37462.51720310766
1714845301,10,,Aggregated,11.100000,0.000000,260,450,650,1200,2900,3200,3900,4500,6100,6800,6800,1817,0,260.0,831.9281905338609,36.903000000165775,6835.604099996999,37298.09246009906
1714845302,10,,Aggregated,11.100000,0.000000,260,450,650,1200,2900,3200,3900,4500,6100,6800,6800,1822,0,260.0,830.6003872118663,36.903000000165775,6835.604099996999,37228.04061470911
1714845304,10,,Aggregated,11.700000,0.000000,260,450,660,1300,2900,3200,3900,4500,6100,6800,6800,1830,0,260.0,835.1034148087557,36.903000000165775,6835.604099996999,37628.14098360656
1714845305,10,,Aggregated,12.000000,0.000000,260,450,650,1300,2900,3200,3900,4500,6100,6800,6800,1842,0,260.0,835.0475231813399,36.903000000165775,6835.604099996999,37767.28013029316
1714845306,10,,Aggregated,10.800000,0.000000,260,460,650,1300,2900,3200,3900,4500,6100,6800,6800,1858,0,260.0,836.4755864370502,36.903000000165775,6835.604099996999,37691.79494079656
1714845307,10,,Aggregated,10.800000,0.000000,260,450,640,1200,2900,3200,3900,4500,6100,6800,6800,1868,0,260.0,833.1216781049493,36.903000000165775,6835.604099996999,37571.2034261242
1714845308,10,,Aggregated,11.400000,0.000000,260,460,650,1300,2900,3200,3900,4500,6100,6800,6800,1873,0,260.0,837.6406862253323,36.903000000165775,6835.604099996999,37501.93112653497
1714845309,10,,Aggregated,12.200000,0.000000,260,450,640,1300,2900,3200,3900,4500,6100,6800,6800,1895,0,260.0,834.5306123483158,36.903000000165775,6835.604099996999,37325.43377308707
1714845310,10,,Aggregated,11.300000,0.000000,260,450,610,1300,2900,3200,3900,4400,6100,6800,6800,1914,0,260.0,832.292480668785,36.903000000165775,6835.604099996999,37308.45559038663
1714845311,10,,Aggregated,10.600000,0.000000,260,450,640,1200,2900,3200,3900,4400,6100,6800,6800,1922,0,260.0,831.3229872008625,36.903000000165775,6835.604099996999,37252.04474505723
1714845312,10,,Aggregated,12.700000,0.000000,260,450,640,1200,2900,3200,3900,4400,6100,6800,6800,1925,0,260.0,831.7338113247046,36.903000000165775,6835.604099996999,37350.473766233765
1714845313,10,,Aggregated,12.000000,0.000000,260,450,640,1300,2900,3200,3900,4400,6100,6800,6800,1934,0,260.0,833.9518574974475,36.903000000165775,6835.604099996999,37603.336091003104
1714845314,10,,Aggregated,10.800000,0.000000,260,460,660,1500,2900,3200,3900,4400,6100,6800,6800,1950,0,260.0,839.469150769262,36.903000000165775,6835.604099996999,37828.205128205125
1714845315,10,,Aggregated,11.100000,0.000000,260,450,640,1200,2900,3200,3800,4400,6100,6800,6800,1968,0,260.0,834.0204359756394,36.903000000165775,6835.604099996999,37577.2093495935
1714845316,10,,Aggregated,11.100000,0.000000,260,450,640,1300,2900,3200,3800,4400,6100,6800,6800,1970,0,260.0,834.8923557360691,36.903000000165775,6835.604099996999,37548.232994923856
1714845317,10,,Aggregated,12.500000,0.000000,260,450,640,1200,2900,3200,3800,4400,6100,6800,6800,1979,0,260.0,833.5418391612196,36.903000000165775,6835.604099996999,37434.7968671046
1714845318,10,,Aggregated,11.200000,0.000000,260,450,640,1300,2900,3300,3800,4400,5900,6800,6800,2007,0,260.0,836.2622660189597,36.903000000165775,6835.604099996999,37429.192326856006
1714845319,10,,Aggregated,11.200000,0.000000,260,450,580,1200,2900,3200,3800,4400,5900,6800,6800,2022,0,260.0,831.6534671612552,36.903000000165775,6835.604099996999,37273.67457962414
1714845320,10,,Aggregated,11.000000,0.000000,260,450,580,1200,2900,3200,3800,4400,5900,6800,6800,2025,0,260.0,831.9363815308909,36.903000000165775,6835.604099996999,37367.21086419753
1714845321,10,,Aggregated,12.800000,0.000000,260,450,580,1200,2900,3200,3800,4400,5900,6800,6800,2028,0,260.0,832.4535805227074,36.903000000165775,6835.604099996999,37441.11489151874
1714845322,10,,Aggregated,11.100000,0.000000,260,450,610,1300,2900,3300,3800,4400,5900,6800,6800,2039,0,260.0,834.0429384012011,36.903000000165775,6835.604099996999,37295.32417851888
1714845323,10,,Aggregated,10.600000,0.000000,260,450,610,1300,2900,3300,3900,4400,5900,6800,6800,2058,0,260.0,837.5312721574545,36.903000000165775,6835.604099996999,37648.13070942663
1714845324,10,,Aggregated,11.200000,0.000000,260,450,640,1200,2900,3300,3900,4400,5900,6800,6800,2071,0,260.0,836.858254031888,36.903000000165775,6835.604099996999,37538.46982134235
1714845325,10,,Aggregated,12.300000,0.000000,260,450,640,1300,2900,3300,3900,4400,5900,6800,6800,2078,0,260.0,837.4055455726834,36.903000000165775,6835.604099996999,37568.645813282004
1714845326,10,,Aggregated,12.300000,0.000000,260,450,640,1300,2900,3300,3900,4400,5900,6800,6800,2088,0,260.0,837.2435246647661,36.903000000165775,6835.604099996999,37702.69348659004
1714845327,10,,Aggregated,10.800000,0.000000,260,460,640,1300,2900,3300,3900,4400,5900,6800,6800,2095,0,260.0,838.0722602386788,36.903000000165775,6835.604099996999,37733.28544152745
1714845328,10,,Aggregated,11.600000,0.000000,260,450,640,1300,3000,3300,3900,4400,5900,6800,6800,2121,0,260.0,837.7186332390547,36.903000000165775,6835.604099996999,37510.623762376235
1714845329,10,,Aggregated,11.600000,0.000000,260,450,640,1200,3000,3300,3900,4400,5900,6800,6800,2129,0,260.0,835.5826091122763,36.903000000165775,6835.604099996999,37455.73085955848
1714845330,10,,Aggregated,11.100000,0.000000,260,450,640,1300,3000,3300,3900,4400,5900,6800,6800,2137,0,260.0,837.5587152082541,36.903000000165775,6835.604099996999,37344.36359382312
1714845331,10,,Aggregated,10.600000,0.000000,260,450,610,1200,3000,3300,3900,4400,5900,6800,6800,2149,0,260.0,835.23626933459,36.903000000165775,6835.604099996999,37214.811074918565
1714845332,10,,Aggregated,10.900000,0.000000,260,450,580,1200,3000,3300,3900,4400,5900,6800,6800,2154,0,260.0,833.7742487929585,36.903000000165775,6835.604099996999,37155.27762302693
1714845333,10,,Aggregated,11.800000,0.000000,260,450,610,1200,3000,3300,3900,4400,5900,6800,6800,2157,0,260.0,836.5733489568981,36.903000000165775,6835.604099996999,37221.97311080204
1714845334,10,,Aggregated,11.500000,0.000000,260,450,610,1200,3000,3300,3900,4600,5900,6800,6800,2176,0,260.0,840.6172135110404,36.903000000165775,6835.604099996999,37488.52803308824
1714845335,10,,Aggregated,9.900000,0.000000,260,450,580,1200,3000,3300,3900,4600,5900,6800,6800,2183,0,260.0,840.8169983967105,36.903000000165775,6835.604099996999,37532.49198350893
1714845336,10,,Aggregated,10.200000,0.000000,260,450,580,1200,3000,3300,4000,4600,5900,6800,6800,2191,0,260.0,842.659715563678,36.903000000165775,6835.604099996999,37674.50844363304
1714845337,10,,Aggregated,10.700000,0.000000,260,450,610,1300,3000,3300,4000,4600,5900,6800,6800,2197,0,260.0,845.271953163415,36.903000000165775,6835.604099996999,37814.144287664996
1714845338,10,,Aggregated,10.300000,0.000000,260,450,640,1300,3000,3300,4000,4600,5900,6800,6800,2217,0,260.0,845.8862181326178,36.903000000165775,6835.604099996999,37593.57600360848
1714845339,10,,Aggregated,10.200000,0.000000,260,450,580,1200,3000,3300,4000,4600,5900,6800,6800,2234,0,260.0,842.3608361683137,36.903000000165775,6835.604099996999,37395.89435989257
1714845340,10,,Aggregated,9.500000,0.000000,260,450,580,1200,3000,3300,4000,4600,5900,6800,6800,2244,0,260.0,842.1340467468854,36.903000000165775,6835.604099996999,37272.447860962566
1714845341,10,,Aggregated,10.000000,0.000000,260,450,580,1300,3000,3300,4000,4600,5900,6800,6800,2255,0,260.0,842.4664944567714,36.903000000165775,6835.604099996999,37404.00576496674
1714845342,10,,Aggregated,10.700000,0.000000,260,450,560,1200,3000,3300,4000,4600,5900,6800,6800,2269,0,260.0,841.29961185545,36.903000000165775,6835.604099996999,37346.76862053768
1714845343,10,,Aggregated,10.300000,0.000000,260,450,570,1300,3000,3300,4000,4600,5900,6800,6800,2280,0,260.0,842.5094653508842,36.903000000165775,6835.604099996999,37565.651754385966
1714845344,10,,Aggregated,11.300000,0.000000,260,450,570,1300,3000,3300,4000,4600,5900,6800,6800,2290,0,260.0,843.2492205676913,36.903000000165775,6835.604099996999,37689.655458515284
1714845345,10,,Aggregated,12.200000,0.000000,260,450,580,1300,3000,3300,4000,4600,5900,6800,6800,2300,0,260.0,845.5817805652221,36.903000000165775,6835.604099996999,37762.45304347826
1714845346,10,,Aggregated,11.300000,0.000000,260,450,570,1300,3000,3300,3900,4600,5900,6800,6800,2315,0,260.0,843.0517009935257,36.903000000165775,6835.604099996999,37621.311447084234
1714845347,10,,Aggregated,11.200000,0.000000,260,450,570,1300,3000,3300,3900,4600,5900,6800,6800,2326,0,260.0,843.9089080395562,36.903000000165775,6835.604099996999,37491.35468615649
1714845348,10,,Aggregated,12.200000,0.000000,260,450,570,1300,3000,3300,3900,4600,5900,6800,6800,2344,0,260.0,843.1412327645088,36.903000000165775,6835.604099996999,37503.38694539249
1714845349,10,,Aggregated,12.500000,0.000000,260,450,560,1300,3000,3300,3900,4600,5900,6800,6800,2357,0,260.0,841.9934178616977,36.903000000165775,6835.604099996999,37476.97157403479
1714845350,10,,Aggregated,12.900000,0.000000,260,450,560,1300,3000,3300,3900,4600,5900,6800,6800,2371,0,260.0,841.4297996204258,36.903000000165775,6835.604099996999,37438.321383382536
1714845351,10,,Aggregated,12.500000,0.000000,260,450,560,1300,3000,3300,3900,4600,5900,6800,6800,2377,0,260.0,841.3695074884449,36.903000000165775,6835.604099996999,37491.54143878839
1714845352,10,,Aggregated,12.100000,0.000000,260,450,580,1300,3000,3300,3900,4600,5900,6800,6800,2390,0,260.0,843.4524575313975,36.903000000165775,6835.604099996999,37660.61171548117
1714845353,10,,Aggregated,12.700000,0.000000,260,450,570,1300,3000,3300,3900,4500,5900,6800,6800,2402,0,260.0,842.5637850541377,36.903000000165775,6835.604099996999,37758.90049958368
1714845354,10,,Aggregated,11.700000,0.000000,260,450,560,1300,3000,3300,3900,4500,5900,6800,6800,2411,0,260.0,841.6063445043695,36.903000000165775,6835.604099996999,37673.22189962671
1714845355,10,,Aggregated,11.700000,0.000000,260,450,570,1300,3000,3300,3900,4500,5900,6800,6800,2422,0,260.0,843.5241348059574,36.903000000165775,6835.604099996999,37638.376548307184
1714845356,10,,Aggregated,12.200000,0.000000,260,450,560,1300,3000,3300,3900,4500,5900,6800,6800,2442,0,260.0,841.9440640868291,36.903000000165775,6835.604099996999,37449.63308763309
1714845357,10,,Aggregated,12.100000,0.000000,260,450,560,1300,3000,3300,3900,4500,5900,6800,6800,2458,0,260.0,841.0134336452525,36.903000000165775,6835.604099996999,37388.25508543531
1714845358,10,,Aggregated,12.100000,0.000000,260,450,550,1200,3000,3300,3900,4500,5900,6800,6800,2468,0,260.0,838.4394729335613,36.903000000165775,6835.604099996999,37286.017423014586
1714845359,10,,Aggregated,12.800000,0.000000,260,450,550,1300,3000,3300,3900,4500,5900,6800,6800,2472,0,260.0,839.772947208751,36.903000000165775,6835.604099996999,37352.94053398058
1714845360,10,,Aggregated,12.900000,0.000000,260,450,550,1200,3000,3300,3900,4500,5900,6800,6800,2482,0,260.0,838.7709572119392,36.903000000165775,6835.604099996999,37350.72280419017
1714845361,10,,Aggregated,11.700000,0.000000,260,450,550,1300,3000,3300,3900,4600,5900,6800,6800,2489,0,260.0,839.9197179992113,36.903000000165775,6835.604099996999,37377.0534351145
1714845362,10,,Aggregated,11.700000,0.000000,260,450,550,1300,3000,3300,3900,4600,5900,6800,6800,2494,0,260.0,840.8788782277611,36.903000000165775,6835.604099996999,37425.37690457097
1714845363,10,,Aggregated,10.800000,0.000000,260,450,560,1300,3000,3300,4000,4600,5900,6800,6800,2503,0,260.0,845.6026432281409,36.903000000165775,6835.604099996999,37528.37275269676
1714845364,10,,Aggregated,11.000000,0.000000,260,450,560,1300,3000,3300,4000,4600,5900,6800,6800,2520,0,260.0,847.8023207936717,36.16860000329325,6835.604099996999,37660.49087301587
1714845365,10,,Aggregated,10.100000,0.000000,260,450,560,1300,3000,3300,4000,4600,5900,6800,6800,2533,0,260.0,848.0504410975346,36.16860000329325,6835.604099996999,37638.397552309514
1714845366,10,,Aggregated,10.600000,0.000000,260,450,560,1300,3000,3300,4000,4600,5900,6800,6800,2540,0,260.0,847.4424191338793,36.16860000329325,6835.604099996999,37674.176377952754
1714845367,10,,Aggregated,11.100000,0.000000,260,450,570,1300,3000,3300,4000,4600,5900,6800,6800,2550,0,260.0,848.3046303137506,36.16860000329325,6835.604099996999,37678.805098039214
1714845368,10,,Aggregated,10.400000,0.000000,260,450,560,1300,3000,3300,4000,4600,5900,6800,6800,2569,0,260.0,847.7194307123633,36.16860000329325,6835.604099996999,37583.42857142857
1714845369,10,,Aggregated,9.300000,0.000000,260,450,560,1300,3000,3300,4000,4600,5900,6800,6800,2584,0,260.0,845.1997271285065,36.16860000329325,6835.604099996999,37435.649380804956
1714845370,10,,Aggregated,9.000000,0.000000,260,450,560,1300,3000,3300,4000,4600,5900,6800,6800,2592,0,260.0,846.5143714892221,36.16860000329325,6835.604099996999,37444.25385802469
1714845371,10,,Aggregated,10.700000,0.000000,260,450,550,1300,3000,3300,4000,4600,5900,6800,6800,2605,0,260.0,844.4992759693145,36.16860000329325,6835.604099996999,37331.965067178506
1714845372,10,,Aggregated,10.800000,0.000000,260,450,550,1200,3000,3300,4000,4600,5900,6800,6800,2616,0,260.0,844.1529884556809,36.16860000329325,6835.604099996999,37320.28899082569
1714845373,10,,Aggregated,11.400000,0.000000,260,450,550,1300,3000,3300,4000,4600,5900,6800,6800,2628,0,260.0,846.7853839802322,36.16860000329325,6835.604099996999,37592.37785388128
1714845374,10,,Aggregated,11.800000,0.000000,260,450,550,1300,3000,3300,4000,4600,5900,6800,6800,2635,0,260.0,846.7963325616877,36.16860000329325,6835.604099996999,37537.65882352941
1714845375,10,,Aggregated,12.400000,0.000000,260,450,560,1300,3000,3300,4000,4600,5900,6800,6800,2647,0,260.0,848.9843131091975,36.16860000329325,6835.604099996999,37686.12542500944
1714845376,10,,Aggregated,11.700000,0.000000,260,450,560,1300,3000,3300,4000,4600,5900,6800,6800,2658,0,260.0,848.1883329947467,36.16860000329325,6835.604099996999,37699.84273890143
1714845377,10,,Aggregated,11.200000,0.000000,260,450,580,1500,3000,3300,4000,4600,5900,6800,6800,2669,0,260.0,850.6950587486091,36.16860000329325,6835.604099996999,37680.9037092544
1714845378,10,,Aggregated,11.300000,0.000000,260,450,560,1300,3000,3300,4000,4600,5900,6800,6800,2686,0,260.0,848.0514774013541,36.16860000329325,6835.604099996999,37528.17460908414
1714845379,10,,Aggregated,11.800000,0.000000,260,450,560,1300,3000,3300,4000,4600,5900,6800,6800,2693,0,260.0,848.1487057556764,36.16860000329325,6835.604099996999,37550.924619383586
1714845380,10,,Aggregated,11.900000,0.000000,260,450,570,1300,3000,3300,4000,4600,5900,6800,6800,2703,0,260.0,848.189712652622,36.16860000329325,6835.604099996999,37545.69515353311
1714845381,10,,Aggregated,11.200000,0.000000,260,450,560,1300,3000,3300,4000,4600,5900,6800,6800,2721,0,260.0,848.3416847850172,36.16860000329325,6835.604099996999,37563.44909959574
1714845382,10,,Aggregated,10.800000,0.000000,260,450,560,1300,3000,3300,4000,4600,5900,6800,6800,2735,0,260.0,847.4529531261521,36.16860000329325,6835.604099996999,37543.20658135283
1714845383,10,,Aggregated,10.800000,0.000000,260,450,560,1300,3000,3300,4000,4600,5900,6800,6800,2748,0,260.0,847.0689409752653,36.16860000329325,6835.604099996999,37598.08733624454
1714845384,10,,Aggregated,11.400000,0.000000,260,450,560,1300,3000,3300,4000,4600,5900,6800,6800,2760,0,260.0,845.7219542029092,36.16860000329325,6835.604099996999,37675.38985507246
1714845385,10,,Aggregated,12.000000,0.000000,260,450,560,1300,3000,3300,4000,4600,5900,6800,6800,2772,0,260.0,845.9825641774991,36.16860000329325,6835.604099996999,37655.780303030304
1714845386,10,,Aggregated,12.300000,0.000000,260,450,560,1500,3000,3300,4000,4600,5900,6800,6800,2789,0,260.0,845.7716596271197,36.16860000329325,6835.604099996999,37591.698458228755
1714845387,10,,Aggregated,12.400000,0.000000,260,450,550,1300,3000,3300,4000,4600,5900,6800,6800,2802,0,260.0,844.6551537830267,36.16860000329325,6835.604099996999,37560.349393290504
1714845388,10,,Aggregated,12.800000,0.000000,260,450,550,1300,3000,3300,4000,4600,5900,6800,6800,2816,0,260.0,843.6017984020029,36.16860000329325,6835.604099996999,37446.802556818184
1714845389,10,,Aggregated,13.400000,0.000000,260,450,540,1300,3000,3300,4000,4600,5900,6800,6800,2833,0,260.0,842.4670620896719,36.16860000329325,6835.604099996999,37466.44228732792
1714845390,10,,Aggregated,13.100000,0.000000,260,450,550,1300,3000,3300,4000,4600,5900,6800,6800,2838,0,260.0,842.707870577888,36.16860000329325,6835.604099996999,37427.61205073996
1714845391,10,,Aggregated,13.200000,0.000000,260,450,550,1300,3000,3300,4000,4600,5900,6800,6800,2847,0,260.0,843.0789220934493,36.16860000329325,6835.604099996999,37524.205128205125
1714845392,10,,Aggregated,13.900000,0.000000,260,450,550,1300,3000,3300,4000,4600,5900,6800,6800,2859,0,260.0,844.1322133263569,36.16860000329325,6835.604099996999,37504.85379503323
1714845393,10,,Aggregated,13.300000,0.000000,260,450,550,1300,3000,3300,4000,4600,5900,6800,6800,2867,0,260.0,844.2299664109038,36.16860000329325,6835.604099996999,37525.35751656784
1714845394,10,,Aggregated,12.500000,0.000000,260,450,560,1300,3000,3300,4000,4600,5900,6800,6800,2876,0,260.0,846.9863413769364,36.16860000329325,6835.604099996999,37611.59874826147
1714845395,10,,Aggregated,12.000000,0.000000,260,450,550,1300,3000,3300,4000,4600,5900,6800,6800,2890,0,260.0,846.6884832180158,36.16860000329325,6835.604099996999,37579.15190311419
1714845396,10,,Aggregated,11.400000,0.000000,260,450,550,1300,3000,3300,4000,4600,5900,6800,6800,2902,0,260.0,847.3217822191791,36.16860000329325,6835.604099996999,37655.891798759476
1714845397,10,,Aggregated,11.500000,0.000000,260,450,560,1300,3000,3300,4000,4600,5900,6800,6800,2912,0,260.0,847.2975887362841,36.16860000329325,6835.604099996999,37656.44093406593
1714845398,10,,Aggregated,11.400000,0.000000,260,450,560,1500,3000,3300,4000,4600,5900,6800,6800,2926,0,260.0,848.0056249829307,36.16860000329325,6835.604099996999,37630.672932330825
1714845399,10,,Aggregated,11.000000,0.000000,260,450,550,1300,3000,3300,4000,4600,5900,6800,6800,2943,0,260.0,845.0018373768439,36.16860000329325,6835.604099996999,37573.01189262657
1714845400,10,,Aggregated,10.800000,0.000000,260,450,550,1300,3000,3300,4000,4600,5900,6800,6800,2953,0,260.0,845.7293236031335,36.16860000329325,6835.604099996999,37545.082289197424
1714845401,10,,Aggregated,10.800000,0.000000,260,450,550,1300,3000,3300,4000,4600,5900,6800,6800,2964,0,260.0,845.4732236504924,36.16860000329325,6835.604099996999,37471.68421052631
1714845402,10,,Aggregated,10.900000,0.000000,260,450,540,1300,3000,3300,4000,4600,5900,6800,6800,2980,0,260.0,843.9715835906242,36.16860000329325,6835.604099996999,37427.47046979866
1714845403,10,,Aggregated,11.400000,0.000000,260,450,540,1300,3000,3300,4000,4600,5900,6800,6800,2988,0,260.0,844.4065115127387,36.16860000329325,6835.604099996999,37440.75401606426
1714845404,10,,Aggregated,11.500000,0.000000,260,450,540,1300,3000,3300,4000,4600,5900,6800,6800,2995,0,260.0,845.2779540901729,36.16860000329325,6835.604099996999,37461.4143572621
1714845406,10,,Aggregated,12.200000,0.000000,260,450,540,1300,3000,3300,4000,4600,5800,6800,6800,3005,0,260.0,846.4668401664134,36.16860000329325,6835.604099996999,37539.81064891847
1714845407,10,,Aggregated,12.100000,0.000000,260,450,550,1500,3000,3300,4100,4600,5800,6800,6800,3018,0,260.0,848.8047075546942,36.16860000329325,6835.604099996999,37675.60503644798
1714845408,10,,Aggregated,11.800000,0.000000,260,450,560,1300,3000,3300,4100,4600,5800,6800,6800,3033,0,260.0,848.4275807451575,36.16860000329325,6835.604099996999,37659.330695680845
1714845409,10,,Aggregated,11.400000,0.000000,260,450,560,1300,3000,3300,4100,4600,5800,6800,6800,3042,0,260.0,848.4875053583371,36.16860000329325,6835.604099996999,37670.67192636424
1714845410,10,,Aggregated,11.400000,0.000000,260,450,560,1300,3000,3300,4000,4600,5800,6800,6800,3052,0,260.0,848.0259140891413,36.16860000329325,6835.604099996999,37670.73328964613
1714845411,10,,Aggregated,11.300000,0.000000,260,450,560,1500,3000,3300,4000,4600,5800,6800,6800,3064,0,260.0,847.9989139360501,36.16860000329325,6835.604099996999,37639.29144908616
1714845412,10,,Aggregated,11.300000,0.000000,260,450,550,1300,3000,3300,4000,4600,5800,6800,6800,3081,0,260.0,847.6661695229019,36.16860000329325,6835.604099996999,37500.77864329763
1714845413,10,,Aggregated,10.900000,0.000000,260,450,550,1300,3000,3300,4000,4600,5800,6800,6800,3098,0,260.0,845.6616245319777,36.16860000329325,6835.604099996999,37449.578114912845
1714845414,10,,Aggregated,11.700000,0.000000,260,450,550,1300,3000,3300,4000,4600,5800,6800,6800,3107,0,260.0,845.5279166720502,36.16860000329325,6835.604099996999,37448.32861280978
1714845415,10,,Aggregated,11.700000,0.000000,260,450,550,1300,3000,3300,4000,4600,5800,6800,6800,3113,0,260.0,845.5126833279987,36.16860000329325,6835.604099996999,37488.544812078384
1714845416,10,,Aggregated,11.700000,0.000000,260,450,550,1300,3000,3300,4000,4600,5800,6800,6800,3120,0,260.0,846.7794582051471,36.16860000329325,6835.604099996999,37522.235897435894
1714845417,10,,Aggregated,11.800000,0.000000,260,450,550,1300,3000,3300,4000,4600,5800,6800,6800,3134,0,260.0,847.268914901104,36.16860000329325,6835.604099996999,37546.97128270581
1714845418,10,,Aggregated,11.500000,0.000000,260,450,560,1300,3000,3300,4100,4600,5800,6800,6800,3144,0,260.0,848.4166713740655,36.16860000329325,6835.604099996999,37636.474872773535
1714845419,10,,Aggregated,11.500000,0.000000,260,450,560,1300,3000,3300,4000,4600,5800,6800,6800,3154,0,260.0,849.1611894737042,36.16860000329325,6835.604099996999,37649.982561826255
1714845420,10,,Aggregated,11.000000,0.000000,260,450,560,1500,3000,3300,4000,4600,5800,6800,6800,3168,0,260.0,849.704193844718,36.16860000329325,6835.604099996999,37677.16508838384
1714845421,10,,Aggregated,11.100000,0.000000,260,450,560,1300,3000,3300,4000,4600,5800,6800,6800,3178,0,260.0,849.0946822844767,36.16860000329325,6835.604099996999,37622.83039647577
1714845422,10,,Aggregated,11.500000,0.000000,260,450,560,1300,3000,3300,4000,4600,5800,6800,6800,3193,0,260.0,848.936361728804,36.16860000329325,6835.604099996999,37582.94519260883
1714845423,10,,Aggregated,11.400000,0.000000,260,450,560,1300,3000,3300,4000,4600,5800,6800,6800,3208,0,260.0,847.7670965087485,36.16860000329325,6835.604099996999,37446.08322942643
1714845424,10,,Aggregated,11.400000,0.000000,260,450,560,1300,3000,3300,4000,4600,5800,6800,6800,3216,0,260.0,847.7458291977817,36.16860000329325,6835.604099996999,37541.32120646766
1714845425,10,,Aggregated,10.800000,0.000000,260,450,560,1300,3000,3300,4000,4600,5800,6800,6800,3231,0,260.0,848.7806087589183,36.16860000329325,6835.604099996999,37592.69575982668
1714845426,10,,Aggregated,11.000000,0.000000,260,450,560,1300,3000,3300,4000,4600,5800,6800,6800,3245,0,260.0,847.8692780585718,36.16860000329325,6835.604099996999,37554.14237288135
1714845427,10,,Aggregated,11.200000,0.000000,260,450,560,1300,3000,3300,4000,4600,5800,6800,6800,3256,0,260.0,847.5407960073929,36.16860000329325,6835.604099996999,37629.998157248156
1714845428,10,,Aggregated,12.400000,0.000000,260,450,560,1300,3000,3300,4000,4600,5800,6800,6800,3261,0,260.0,848.5648998160291,36.16860000329325,6835.604099996999,37670.14474087703
1714845429,10,,Aggregated,12.200000,0.000000,260,450,580,1500,3000,3300,4000,4600,5800,6800,6800,3278,0,260.0,849.0731368517626,36.16860000329325,6835.604099996999,37616.48017083588
1714845430,10,,Aggregated,11.400000,0.000000,260,450,560,1300,3000,3300,4000,4600,5800,6800,6800,3297,0,260.0,848.0475594176719,36.16860000329325,6835.604099996999,37550.74825599029
1714845431,10,,Aggregated,11.900000,0.000000,260,450,560,1300,3000,3300,4000,4600,5800,6800,6800,3306,0,260.0,846.2969820024416,36.16860000329325,6835.604099996999,37482.08408953418
1714845432,10,,Aggregated,12.600000,0.000000,260,450,560,1300,3000,3300,4000,4600,5800,6800,6800,3311,0,260.0,846.2281050740178,36.16860000329325,6835.604099996999,37443.702808819085
1714845433,10,,Aggregated,12.700000,0.000000,260,450,570,1500,3000,3300,4000,4600,5800,6800,6800,3327,0,260.0,848.9983720469147,36.16860000329325,6835.604099996999,37593.6699729486
1714845434,10,,Aggregated,12.000000,0.000000,260,450,580,1400,3000,3300,4000,4600,5800,6800,6800,3346,0,260.0,848.1997201135964,36.16860000329325,6835.604099996999,37626.523610280936
1714845435,10,,Aggregated,12.000000,0.000000,260,450,570,1400,3000,3300,4000,4600,5800,6800,6800,3350,0,260.0,847.5622305970427,36.16860000329325,6835.604099996999,37593.5528358209
1714845436,10,,Aggregated,12.500000,0.000000,260,450,580,1300,3000,3300,4000,4600,5800,6800,6800,3358,0,260.0,847.6913175700098,35.04389999943669,6835.604099996999,37623.75342465754
1714845437,10,,Aggregated,12.500000,0.000000,260,450,590,1500,3000,3300,4000,4600,5800,6800,6800,3366,0,260.0,849.570086066573,35.04389999943669,6835.604099996999,37709.663695781346
1714845438,10,,Aggregated,11.300000,0.000000,260,450,580,1400,3000,3300,4000,4600,5800,6800,6800,3386,0,260.0,848.6630118133762,35.04389999943669,6835.604099996999,37633.963083284114
